{
  "project_info": {
    "project_number": "245388593074",
    "firebase_url": "https://junttos-259a3.firebaseio.com",
    "project_id": "junttos-259a3",
    "storage_bucket": "junttos-259a3.appspot.com"
  },
  "client": [
    {
      "client_info": {
        "mobilesdk_app_id": "1:245388593074:android:59a548e9eb117909f986ab",
        "android_client_info": {
          "package_name": "com.example.junttos"
        }
      },
      "oauth_client": [
        {
          "client_id": "245388593074-fqv1pmteb4697kc5kc4ag3caagsj4mts.apps.googleusercontent.com",
          "client_type": 1,
          "android_info": {
            "package_name": "com.example.junttos",
            "certificate_hash": "e51515928e4d56472df60a1e805e454284198d66"
          }
        },
        {
          "client_id": "245388593074-b42d8akf5o3esqqf7cip12hk4lm6nd9s.apps.googleusercontent.com",
          "client_type": 3
        }
      ],
      "api_key": [
        {
          "current_key": "AIzaSyCl1Qqse3RNZAvrrdPjjZj4PKEMlYISfRQ"
        }
      ],
      "services": {
        "appinvite_service": {
          "other_platform_oauth_client": [
            {
              "client_id": "245388593074-b42d8akf5o3esqqf7cip12hk4lm6nd9s.apps.googleusercontent.com",
              "client_type": 3
            }
          ]
        }
      }
    }
  ],
  "configuration_version": "1"
}